aweme_id,comment_count,digg_count,download_count,share_count,duration,my_sent,hf_sent,dich_hf_sent,dich_my_sent
7095448791456828677,492,272290,237,193,11608,0.673469387755102,0.7477749780732759,1,1
6931413133177212165,108607,9033022,105736,158954,12420,0.5434782608695652,0.6180551168711289,1,1
6892810075522583809,32412,8637829,40052,30442,45184,0.5714285714285714,0.5705900897785109,1,1
7257647953253272858,26,14486,4,17,8434,0.3333333333333333,0.350899467865626,0,0
7257583218814242075,116,39134,7,130,114800,0.3125,0.5201853935917219,1,0
7257522222984744218,1496,57577,8,50,14167,0.3,0.4512271451950073,0,0
7255687420178484506,23,2570,2,11,32205,0.5,0.9904688596725464,1,1
7255055810336771354,41,22906,9,45,12143,0.2352941176470588,0.4032166705412023,0,0
7254996188993260827,55,41092,14,82,13536,0.5454545454545454,0.4997696515285607,0,1
7254131461664689434,40,15990,3,47,8172,0.1764705882352941,0.3379972156356363,0,0
7253875433802943771,174,41405,84,410,23219,0.44,0.531242767572403,1,0
7253137436929281307,1256,121890,62,341,9868,0.46,0.7853619849681854,1,0
7250173374616423707,34,16497,17,70,5867,0.5,0.4099497099717458,0,1
7249116085100793114,635,287785,2227,2357,15046,0.76,0.6536992573738098,1,1
7246846705772088603,57,23468,20,48,6176,0.59375,0.533082127571106,1,1
7246834286383418651,44,24742,42,78,7940,0.4761904761904761,0.6101900140444437,1,0
7246522264735255834,786,478725,914,1085,8289,0.42,0.4878252911567688,0,0
7245334721184501019,57,6100,13,53,13676,0.5142857142857142,0.5626497081347874,1,1
7244894926264208667,71,36482,17,124,12079,0.5869565217391305,0.5453988093396892,1,1
7243864325973216538,26,15620,12,52,11867,0.6,0.617434287071228,1,1
7243459322993249562,67,32421,56,56,11911,0.5952380952380952,0.605409114133744,1,1
7243411721111571739,27,5227,2,13,12813,0.6,0.6849299907684326,1,1
7240869725155118362,47,29040,31,98,13567,0.55,0.6148092746734619,1,1
7240856694673231131,29,14864,22,38,8434,0.3333333333333333,0.3110108375549316,0,0
7240104190809214235,88,11216,24,79,18320,0.3888888888888889,0.4784457451767391,0,0
7240079271622937883,30,28614,10,39,11214,0.4285714285714285,0.1930153625352042,0,0
7239042117815864602,206,58341,35,314,40379,0.673469387755102,0.7598610873125038,1,1
7238603248960064795,27,3822,3,18,10700,0.4285714285714285,0.6295241287776402,1,0
7235324626648255770,398,271073,261,7127,9984,0.6875,0.6438951306045055,1,1
7234222579706285339,96,20756,112,178,15000,0.5714285714285714,0.6549649360228558,1,1
7234198330769788186,126,113567,150,221,25171,0.4680851063829787,0.611554409595246,1,0
7234170515273862426,112,109367,86,222,14934,0.7142857142857143,0.7255590910814247,1,1
7231934047113596186,100,22588,34,172,66803,0.5106382978723404,0.613854410800528,1,1
7231264357039066395,60,29615,15,108,5340,0.425,0.4922579273581505,0,0
7256571081413250331,251,55893,77,335,21663,0.56,0.4429224336147308,0,1
7255929972978732314,261,42670,29,147,59506,0.38,0.4495967602729797,0,0
7255905858406583578,145,19078,23,54,31067,0.3829787234042553,0.5908462709568917,1,0
7255890447388740890,347,118434,605,3857,14001,0.4565217391304347,0.4562722159468609,0,0
7255733013659667739,222,21784,38,108,47600,0.52,0.4376204788684845,0,1
7255560827510492443,186,33653,37,92,59034,0.5102040816326531,0.4968745501673951,0,1
7254884797116435738,530,34041,62,201,36292,0.4583333333333333,0.3680915584166844,0,0
7254678858308308250,215,41549,75,439,46827,0.52,0.6879798483848572,1,1
7253825262784089371,508,39066,143,527,8148,0.44,0.2893891179561615,0,0
7253817620976110874,72,15422,40,70,6686,0.5135135135135135,0.4715735380714004,0,1
7253182452825410842,348,32462,110,368,15734,0.48,0.6102096581459046,1,0
7251218728736656666,321,85978,85,279,58900,0.3125,0.3666313402354717,0,0
7249862745993071899,570,56737,303,1330,9343,0.36,0.4268711256980896,0,0
7249410990490586395,1070,136392,217,901,17431,0.42,0.4750056672096252,0,0
7249407192741334298,1010,201717,145,251,32442,0.32,0.4452066278457641,0,0
7249406876985707803,490,192625,222,380,52498,0.4,0.2979638075828552,0,0
7249398597769284890,167,24504,23,32,56499,0.4285714285714285,0.4029355414059697,0,0
7249109681988324635,1595,103606,313,501,59626,0.36,0.410226833820343,0,0
7249043332276571418,665,34030,53,85,88534,0.4081632653061224,0.2973386864272915,0,0
7248698973601467674,2359,124339,198,426,59047,0.36,0.732074933052063,1,0
7248653788968537370,1061,129844,257,2381,67444,0.34,0.3991408503055572,0,0
7248376047975107867,1300,190731,463,632,69218,0.4,0.3160924994945526,0,0
7248362178523237658,339,66202,50,106,7685,0.58,0.510936096906662,1,1
7248348947448614170,2652,533529,1692,1899,113164,0.4,0.4419434893131256,0,0
7247956063595564314,1044,139415,276,680,13188,0.4166666666666667,0.4258572546144326,0,0
7247937489598532890,3846,1127847,5066,5511,58900,0.44,0.4743869411945343,0,0
7244515183224229146,4139,484246,1025,1969,51622,0.48,0.366698647737503,0,0
7244501389311855898,465,58416,136,280,7987,0.54,0.5493865311145782,1,1
7244483014980291867,275,37446,111,565,15000,0.5510204081632653,0.7115560988990628,1,1
7243090506018819354,795,347931,318,775,8667,0.3,0.491516592502594,0,0
7243080423570443546,220,28151,611,188,6273,0.5,0.6100506675243378,1,1
7243078511005650202,335,104087,154,371,6501,0.2857142857142857,0.526386808375923,1,0
7241279745969655067,328,80759,125,406,56884,0.2448979591836734,0.5028147101402283,1,0
6542558213013771279,79833,4344449,4268,36727,11214,0.5531914893617021,0.4234393911158784,0,1
6592202398792420614,25342,3640014,14757,40055,13861,0.6046511627906976,0.5928261224613633,1,1
7256465314378992922,21,3384,9,14,12236,1.0,0.9998552799224854,1,1
7256390474934537498,34,5285,5,14,12120,0.0714285714285714,0.3357855975627899,0,0
7250184646355422491,45,4153,31,20,28142,0.5,0.754099600844913,1,1
7248731740150320411,42,2840,37,14,15000,0.4545454545454545,0.5384073745120656,1,0
7243460177851206938,47,11146,39,50,11238,0.6,0.4053364157676696,0,1
7241223900267384091,54,6632,11,89,64233,0.5588235294117647,0.6045303327195785,1,1
7234129550693731611,143,26905,25,246,24634,0.5555555555555556,0.4998132334815131,0,1
7209310407352143109,233,6743,56,87,45167,0.6190476190476191,0.6636087568033309,1,1
7198935004611710214,79,9092,45,79,11818,0.5777777777777777,0.6755172067218357,1,1
7160671816636173573,160,31604,151,71,12654,0.6875,0.7319187248746554,1,1
7137343169892453638,385,6329,225,42,11631,0.4166666666666667,0.7774818316102028,1,0
7131404022124236038,60,7443,39,14,16158,0.7631578947368421,0.5610096893812481,1,1
7131045520943910150,104,15576,203,59,10702,0.6136363636363636,0.7916882932186127,1,1
7113163880993541382,151,9164,73,29,36453,0.6530612244897959,0.6736511721902964,1,1
7099791973367827717,63,4094,16,9,37010,0.2368421052631578,0.2889949804858157,0,0
7068703900555054341,218,69512,145,51,10934,0.5833333333333334,0.6052121023337046,1,1
7066843009102499077,226,20871,146,68,15160,0.4680851063829787,0.6606886577098927,1,0
7066445541793713414,698,43559,246,108,9634,0.6046511627906976,0.6852887425311777,1,1
7065700430222740741,133,27505,188,154,10632,0.6046511627906976,0.7076872115911439,1,1
7062724625414835461,169,30707,152,46,7149,0.3953488372093023,0.5141084831814433,1,0
7058987975861882117,239,23355,109,40,9680,0.4680851063829787,0.5632307529449463,1,0
7049418295719513349,284,13808,106,62,13674,0.6666666666666666,0.8151527894867792,1,1
7047988806468914438,163,27905,58,54,10911,0.782608695652174,0.7711727372978044,1,1
7045702905260936454,66,17095,29,26,13117,0.6470588235294118,0.5630893707275391,1,1
7037882609153690886,158,10527,59,54,26793,0.3684210526315789,0.4511246367504722,0,0
7035289322832055557,141,22113,304,194,15160,0.5957446808510638,0.6415177938785959,1,1
7028579329470696709,113,8460,37,24,15067,0.5909090909090909,0.6261619112708352,1,1
7026354192864382214,49,8829,17,29,18899,0.4090909090909091,0.6218218911777843,1,0
7025292672139070725,145,18355,123,85,9448,0.6904761904761905,0.7040626818225497,1,1
7020153466614041862,393,25895,78,80,24959,0.5957446808510638,0.6596168888376114,1,1
7254622257337666842,142,37004,1235,409,32600,0.6304347826086957,0.6267246591008228,1,1
7250540999359876378,501,41755,1006,944,45115,0.72,0.6612705290317535,1,1
7249795552823528731,40,6941,56,52,43885,0.75,0.7002027481794357,1,1
7249412781642943771,43,8935,232,92,39844,0.3846153846153846,0.5611006021499634,1,0
7247568677866982683,220,84256,2530,1626,45000,0.54,0.5862252509593964,1,1
7245350447970553115,79,20478,525,321,27584,0.4242424242424242,0.5082666079203287,1,0
7244600912029797659,1733,109769,3986,3502,44047,0.6888888888888889,0.8847822705904643,1,1
7243858638538804506,95,35144,343,313,14279,0.5121951219512195,0.3701835463686687,0,1
7243118859656514843,1347,366455,2275,2844,29667,0.5,0.4176526467005412,0,1
7242746906353487131,393,54117,768,581,17716,0.3958333333333333,0.4990035817027092,0,0
7242001536149212443,241,66204,3674,1374,38667,0.6153846153846154,0.5894626929209783,1,1
7241262241369165082,32,12609,292,72,22383,0.7777777777777778,0.755115634865231,1,1
7240520408854777114,133,30666,703,395,39467,0.5121951219512195,0.5545154766338628,1,1
7239408322254769435,4898,304064,13024,8614,42515,0.5405405405405406,0.7133853628828719,1,1
7237546330258787610,1054,76199,1072,500,13767,0.9166666666666666,0.4351882350941499,0,1
7236431794483121434,532,44119,1147,914,40800,0.5952380952380952,0.6883276984805152,1,1
7235325974097710363,478,381246,9494,2691,19434,0.625,0.5875363076726595,1,1
7234173276510047514,37,13568,79,40,9403,0.6363636363636364,0.7909239855679598,1,1
7233843103172447515,22,8611,92,33,39287,0.5,0.0160885155200958,0,1
7231984074791882011,1662,94552,3126,3129,48167,0.5588235294117647,0.6398082585895762,1,1
7231234148579527962,38,7954,82,27,31603,0.4545454545454545,0.7951490987430919,1,0
7230504081356295450,416,32915,882,779,53700,0.6428571428571429,0.7866518242018563,1,1
7229758483808161050,325,88812,1590,1895,45500,0.56,0.4214798951148987,0,1
7229370764057660698,517,69325,4202,2421,18273,0.6,0.7575061082839966,1,1
7225307123956190490,5050,308761,8637,7884,38103,0.5869565217391305,0.7555798836376356,1,1
7224546933807811866,56,15847,463,126,49504,0.5,0.707798421382904,1,1
7223795695646461190,125,10470,112,58,20434,0.2826086956521739,0.3301582880642103,0,0
7222709741586222341,3290,181733,5154,5892,50038,0.5777777777777777,0.7660598145590888,1,1
7221245207419849990,102,22284,924,319,42468,0.5151515151515151,0.772876829812021,1,1
7219739516771306757,76,17818,226,297,12770,0.5121951219512195,0.6855997719415804,1,1
7217514702887226629,1983,151442,6031,4076,51176,0.4,0.4731718584895134,0,0
7217064943915453702,84,20026,964,487,64551,0.7741935483870968,0.8350954805651019,1,1
7257225609523334427,43,3296,6,37,24434,0.5,0.6323470734059811,1,1
7256858916389211419,43,11674,13,24,42234,0.375,0.6528030820190907,1,0
7254634621860646171,61,19290,52,58,14100,0.4375,0.6404599826782942,1,0
7253510445124832539,41,8682,27,18,88200,0.6153846153846154,0.5135292640099158,1,1
7252798649367809306,82,16833,47,131,16267,0.3333333333333333,0.6754749715328217,1,0
7252426623490723099,84,22835,123,143,10667,0.6666666666666666,0.5005210737387339,1,1
7251644060350319898,180,38195,297,248,14234,0.3333333333333333,0.5399107277393341,1,0
7251281347942157594,83,14782,98,109,19667,0.4,0.6514028429985046,1,0
7248298942289530139,4481,428844,9401,6290,25267,0.3541666666666667,0.4791024178266525,0,0
7247912231206128923,73,14926,67,78,14467,0.5882352941176471,0.8525019112755271,1,1
7247542712814095642,932,69760,2054,14264,7834,0.3191489361702128,0.549431913710655,1,0
7247162236731428122,69,14786,84,108,18400,0.7777777777777778,0.2543883919715881,0,1
7246792593516891419,100,49497,346,198,36034,0.4166666666666667,0.3833693265914917,0,0
7246423021433490715,154,12399,65,159,17667,0.75,0.5590548396110535,1,1
7245342819391442202,42,29068,67,46,19534,0.2857142857142857,0.1753710848944527,0,0
7244590758571937050,585,32117,116,779,28734,0.44,0.6068442213535309,1,0
7244201979495320858,1681,517735,11325,39066,22434,0.26,0.3543309903144836,0,0
7243827166989929755,75,18985,95,62,36334,0.5294117647058824,0.6952243429772994,1,1
7243508447805803802,38,7975,9,16,34767,0.7272727272727273,0.5204335776242343,1,1
7242711348604357914,178,46848,275,2064,15267,0.3684210526315789,0.3834360492856879,0,0
7241995623828851994,7543,267173,4789,82703,24100,0.5,0.4722398543357849,0,1
7240889021654715675,482,92717,340,619,60034,0.5510204081632653,0.8241633164639376,1,1
7240158332059782427,1940,125260,575,8502,23634,0.4,0.7434970963001252,1,0
7236753494210825499,203,31957,267,1289,27200,0.5306122448979592,0.672841447956708,1,1
7236410639869070619,1971,381049,1991,832,28967,0.58,0.8701642966270446,1,1
7236065312846662938,873,39527,248,1573,34634,0.56,0.4524597060680389,0,1
7234955314523573531,1288,257653,2100,10335,14134,0.5208333333333334,0.7288975566625595,1,1
7233843721421311258,203,64458,272,701,28067,0.3793103448275862,0.3697576193973936,0,0
7233447284359351579,4304,374806,4246,35771,32134,0.36,0.4536530423164367,0,0
7232725372230569243,80,54485,683,216,32900,0.5806451612903226,0.5689027309417725,1,1
7197881921014091013,1103,205447,576,736,32182,0.58,0.7329913687705993,1,1
7191572389761748230,19176,5614714,31745,35507,99241,0.4081632653061224,0.4807147201226682,0,0
7071368142718717189,7021,2151959,15152,3040,14951,0.5319148936170213,0.6972496953416378,1,1
7257623162987269403,79,26138,11,90,42800,0.4418604651162791,0.6196649116139079,1,0
7257224121610669338,591,21545,6,101,159543,0.26,0.471977322101593,0,0
7256525018941705499,172,21688,21,33,42567,0.64,0.5505843937397004,1,1
7255762126550207770,225,30133,21,102,44721,0.64,0.6564186835289001,1,1
7255440538252430619,431,27286,48,90,57200,0.56,0.8063111972808837,1,1
7255036993128762650,92,12397,17,32,23544,0.5,0.6002411089445415,1,1
7254632063763090715,317,33867,18,64,154400,0.64,0.8641034114360809,1,1
7254243623603113243,858,100069,125,287,5015,0.52,0.7970333099365234,1,1
7253944907218439451,298,24188,53,106,142012,0.26,0.5435912275314331,1,0
7253190903416884507,161,24327,33,174,71300,0.62,0.7932491135597229,1,1
7252814924093607195,94,11097,17,29,13722,0.5957446808510638,0.8347215817329732,1,1
7252402250423749915,158,8584,27,81,121045,0.52,0.4986218976974487,0,1
7252069186401275163,210,55778,37,64,10216,0.22,0.5052548086643219,1,0
7251665148333591834,539,72179,103,194,68637,0.64,0.6251658046245575,1,1
7251310201905679643,2974,109093,152,824,38614,0.1,0.242534589767456,0,0
7250911583075945755,112,22035,36,29,11911,0.574468085106383,0.7528076590375697,1,1
7250567246366395675,155,16767,27,34,29234,0.5416666666666666,0.7255423093835512,1,1
7250193069042109722,120,9748,21,19,23900,0.8,0.8917160475254059,1,1
7249817543920110874,407,59157,46,106,35618,0.66,0.8481710040569306,1,1
7249057141556923675,523,113028,326,878,43351,0.36,0.4565103280544281,0,0
7247975750597463322,471,57007,39,102,145611,0.58,0.7281068396568299,1,1
7247597514617048346,528,293267,109,302,19067,0.5510204081632653,0.7040920500852623,1,1
7247139495806553370,119,77404,37,73,6013,0.2857142857142857,0.4784836070878165,0,0
7246822865373351194,121,25581,35,29,10334,0.5833333333333334,0.7519418969750404,1,1
7245742236888059163,713,103560,353,910,42468,0.72,0.8407218670845031,1,1
7245378689863617818,141,26013,18,23,28885,0.48,0.6058330380916596,1,0
7245012837557341466,492,94041,29,121,154667,0.56,0.5925825452804565,1,1
7244618694276484378,770,137678,35,418,58034,0.24,0.5234288454055787,1,0
7244203809897975066,1699,156515,44,328,15000,0.76,0.8950953483581543,1,1
7243839704934681883,235,34539,68,65,14512,0.56,0.7135906314849854,1,1
7257208336054045978,116,5900,29,31,46880,0.4418604651162791,0.591999069202778,1,0
7256113066230746395,116,8627,27,37,47200,0.4693877551020408,0.6019663603938356,1,0
7255727628567530779,55,18660,23,62,23367,0.5172413793103449,0.0776731824052744,0,1
7254657019980909851,65,4557,11,18,57701,0.7368421052631579,0.7627920994633123,1,1
7254601779080432922,459,9512,28,72,9534,0.88,0.9885458517074583,1,1
7254233850392415514,51,11084,19,48,58049,0.5517241379310345,0.7576102038909649,1,1
7253800740873866523,62,3584,4,2,16534,0.7435897435897436,0.8511483776263702,1,1
7253800511885937946,57,2369,4,2,14767,0.7428571428571429,0.7573044572557722,1,1
7253119948837473563,77,9021,53,56,40239,0.6808510638297872,0.595368948388607,1,1
7252387328746966298,184,35595,186,261,33552,0.3684210526315789,0.5587548488064816,1,0
7251665003932175643,61,22218,43,63,48506,0.8235294117647058,0.3048264156369602,0,1
7250511321165221147,110,22036,68,111,31903,0.3157894736842105,0.5588223432239733,1,0
7249766397385968922,83,27480,119,467,45255,0.5428571428571428,0.6215132798467363,1,1
7249047929221106970,522,100734,824,410,52500,0.4285714285714285,0.64514921149429,1,0
7247940772396305690,35,7779,5,17,8967,0.375,0.363642156124115,0,0
7246818506245704986,35,2224,4,5,10167,0.6153846153846154,0.8282732321665838,1,1
7246464192306236699,42,13634,32,73,47136,0.6666666666666666,0.5375997980435689,1,1
7245751514361318682,48,3773,7,3,47067,0.5185185185185185,0.707069162969236,1,1
7245686024435666203,96,14178,39,112,53869,0.282051282051282,0.4960842912013714,0,0
7244967186043768091,41,4594,9,10,10982,0.8125,0.9552883356809616,1,1
7244619900684176667,414,62568,357,347,34411,0.4897959183673469,0.6386366413564099,1,0
7243908604112162074,939,88703,131,1216,58700,0.18,0.2268603432178497,0,0
7243889619819826458,3822,915949,1572,27689,8148,0.28,0.2991692972183227,0,0
7243847899958742299,24,3999,5,2,5804,0.0,0.5014486014842987,1,0
7243408026038783258,21,1458,2,6,40200,0.5,0.9934167861938475,1,1
7243116867471052058,34,12805,20,45,26911,0.5,0.3917929132779439,0,1
7242781443276033307,79,32909,95,101,55054,0.5833333333333334,0.6277778471509615,1,1
7089504551144787206,7208,1051255,17850,26931,157336,0.48,0.4686722838878631,0,0
7092105262743571718,12016,1400458,18754,7179,167692,0.46,0.453076924085617,0,0
7247688092910456091,67,7184,19,12,42515,0.6521739130434783,0.7284857838050179,1,1
7246087427595570459,277,32032,188,396,41586,0.46,0.5603247857093812,1,0
7245359615444143387,72,18700,111,71,176644,0.723404255319149,0.7465676348260109,1,1
7244973105226042651,120,26328,169,680,8869,0.5714285714285714,0.4752413484514976,0,1
7244598240958598426,48,7197,87,69,44800,0.68,0.6535853886604309,1,1
7244223989172702490,244,34805,269,424,32234,0.66,0.4361822021007537,0,1
7243829291912367386,66,9606,51,125,51434,0.4736842105263157,0.4998124869246232,0,0
7241609488694873371,696,234477,703,4928,78167,0.5102040816326531,0.6707478615702415,1,1
7234187599160577307,89,24142,116,199,9450,0.5306122448979592,0.5695751990590777,1,1
7233477416411352346,84,22435,86,186,48834,0.425531914893617,0.5259421138053245,1,0
7232729063662554394,240,46477,130,985,67434,0.4166666666666667,0.5858283887306849,1,0
7232309251333508379,71,7954,34,39,59800,0.52,0.5601504456996917,1,1
7231642184880114971,46,7363,45,78,89967,0.64,0.51120201587677,1,1
7230149690120015131,242,50947,213,828,23367,0.34,0.3571981275081634,0,0
7229444646185798938,1693,299837,3676,5441,179304,0.4897959183673469,0.3931165617339465,0,0
7229043543606578459,124,81738,322,1209,9450,0.3617021276595745,0.4822091663137395,0,0
7228654110357130522,86,9444,100,56,17275,0.6122448979591837,0.6381888924812784,1,1
7228295346894523675,101,16965,70,118,46067,0.4791666666666667,0.6215007814268271,1,0
7218228433401236742,815,149713,1798,3297,19900,0.48,0.5505958211421966,1,0
7217868380810906886,72,11826,123,78,27434,0.5263157894736842,0.6615474882878756,1,1
7217102148318858502,88,11556,150,148,20386,0.4666666666666667,0.5607409927580091,1,0
7214861492439616774,132,21511,104,406,59800,0.5957446808510638,0.614078459587503,1,1
7210805534260268293,64,13523,53,74,59734,0.7272727272727273,0.6115659935907884,1,1
7199663639022865669,182,24630,185,164,95567,0.673469387755102,0.6132610488911064,1,1
7196335960370564357,1667,193953,2415,20718,65700,0.3469387755102041,0.559666357478317,1,0
7192260799388241158,245,63501,415,851,147353,0.4693877551020408,0.4020666516557031,0,0
7189372590396345605,191,28195,334,222,143000,0.574468085106383,0.6461376268812951,1,1
7181068390272994565,240,26223,296,258,25518,0.6938775510204082,0.5865417633737836,1,1
7180478320474197253,67,10956,84,64,18534,0.4634146341463415,0.5322653564011178,1,0
7179703871931960582,77,16944,107,95,50200,0.6595744680851063,0.7699487285411104,1,1
7178582660367895813,270,56009,474,528,132700,0.5869565217391305,0.5559678012910096,1,1
7111006297797053738,350,95431,679,329,33829,0.68,0.5920341908931732,1,1
7108044814024756526,268,68665,426,131,39913,0.4468085106382978,0.2875953316688537,0,0
7073210616948821294,134,21027,918,285,59162,0.5625,0.466475257029136,0,1
7249103919991868715,92,5366,1,96,9008,0.5,0.4779651008154216,0,1
7248987490323926314,30,3779,4,56,94480,0.5,0.5822881639003754,1,1
7241554805175586094,403,24809,220,731,8289,0.52,0.5763385260105133,1,1
7236757295911243054,84,7470,97,67,9519,0.723404255319149,0.7283724039158923,1,1
7233882880458411307,31,314,0,4,17368,0.5454545454545454,0.5352369817820463,1,1
7233851482200771886,61,930,16,110,45000,0.5526315789473685,0.5364371412678769,1,1
7230917153501859114,21,1245,17,36,7010,0.0,0.0005612969398498,0,0
7230567066367970606,67,2093,11,34,24171,0.5116279069767442,0.6293920722118643,1,1
7230186402519158062,48,723,4,5,8103,0.5,0.2655818611383438,0,1
7157398779744865541,17009,927397,418,23529,8916,0.3673469387755102,0.4693353480222273,0,0
7246436107699621146,4378,332204,331,30622,12143,0.36,0.4200909233093262,0,0
7244274390928592155,1002,138064,121,6362,6500,0.3,0.4612285733222961,0,0
7240486920646561051,1982,128646,44,9398,6900,0.52,0.5675613796710968,1,1
7228668436736527642,5350,454299,1464,31722,6454,0.46,0.4064621341228485,0,0
7215270762532457734,1738,145399,373,11396,10355,0.4791666666666667,0.5070835612714291,1,0
7207117597903441158,5189,357498,269,21802,6013,0.3265306122448979,0.4576397671991465,0,0
7204925433664621829,1170,130511,200,8345,6849,0.3478260869565217,0.5088424138400865,1,0
7197165985076497670,6172,743952,415,30341,9310,0.52,0.545979186296463,1,1
7194451178040675590,555,88785,61,1266,7734,0.56,0.4777983772754669,0,1
7191503300619947270,3857,390833,334,13386,7894,0.3111111111111111,0.4989306198226081,0,0
7189752156465941765,11619,1581907,2125,57597,10402,0.3043478260869565,0.5255789640157119,1,0
7180423098007571717,4800,341826,273,21897,6338,0.2653061224489796,0.4178484824238991,0,0
7178922638721502469,1163,87486,94,5304,6834,0.5510204081632653,0.6129998832332845,1,1
7176699318412365062,1154,65521,73,4999,7151,0.5208333333333334,0.5470211145778497,1,1
7175572590931627269,1402,240880,226,7244,8637,0.425531914893617,0.5425864889266643,1,0
7171898830655474950,5835,468367,394,15788,8767,0.34,0.4630386257171631,0,0
7168937988183837958,2259,166807,44,3130,6480,0.4285714285714285,0.5261846707791699,1,0
7165172774439357701,8162,602795,427,11139,10680,0.2826086956521739,0.4154778576415518,0,0
7164051268963536133,1227,155961,172,2797,6222,0.6666666666666666,0.7375466426213583,1,1
7162592881843129605,1479,125978,69,2140,5804,0.3617021276595745,0.4067978681402003,0,0
7161829113098013957,1239,100427,96,3036,6900,0.4081632653061224,0.5374694332784536,1,0
7160380451960458501,2567,160122,218,4372,8434,0.4893617021276595,0.4819251197449704,0,0
7158450932051741957,3425,355821,223,5406,7174,0.4166666666666667,0.5667023708422979,1,0
7158122149830577413,1470,91763,106,2941,9101,0.425531914893617,0.3122228865927838,0,0
7156663760667675909,2139,154191,30,3052,6686,0.425531914893617,0.4021516480344407,0,0
7135908498755407109,17715,1831466,537,17229,6313,0.4375,0.5412601927916209,1,0
7132135416278338821,7444,432784,215,6418,6174,0.4285714285714285,0.5522069967522913,1,0
7124771398601460998,2074,184308,70,2076,9239,0.625,0.6133027325073878,1,1
7257629809449110810,549,122975,634,1190,21434,0.6,0.8198407506942749,1,1
7257553473338674459,1120,143136,1386,1075,26067,0.5,0.5624533140659332,1,1
7257151362620722458,465,75705,299,319,30734,0.54,0.5364294111728668,1,1
7256864674325515547,307,88562,579,1195,17734,0.5102040816326531,0.8492818949173908,1,1
7256678952608042267,689,240097,1665,1883,23766,0.74,0.6956619441509246,1,1
7256157540520693019,178,70150,303,351,10496,0.5102040816326531,0.6905915287076211,1,1
7256006611666226459,683,118713,1760,1108,19100,0.62,0.5526044750213623,1,1
7255952778311355674,219,36345,505,310,64534,0.6,0.7585552024841309,1,1
7255315606310898971,671,211476,2526,1480,8167,0.56,0.6217536211013794,1,1
7255249773395971355,1232,111330,1766,2794,40299,0.64,0.7190082550048829,1,1
7255242698087501082,7193,595319,10984,25701,10378,0.6666666666666666,0.7109130695462227,1,1
7254976016467201306,663,198550,1672,1287,8769,0.48,0.7473790180683136,1,0
7254669428091129114,1338,307040,4539,5040,25814,0.52,0.6830365622043609,1,1
7254545708919901467,9539,1274999,19789,42362,22600,0.54,0.6750348496437073,1,1
7254534182997675291,1601,527097,5387,15200,23083,0.4166666666666667,0.5720578742523988,1,0
7254518587103186203,1481,540929,3591,7388,7334,0.7346938775510204,0.7475697167065679,1,1
7254507731715951899,1716,528725,2719,3507,41259,0.6,0.658969691991806,1,1
7254496443665222939,673,189663,1294,1068,37734,0.66,0.7877281057834625,1,1
7254488978835983642,125,26821,414,252,4500,0.5454545454545454,0.7124592187729749,1,1
7254154522761760027,381,125949,942,575,10734,0.58,0.8128674745559692,1,1
7253459230580116763,739,189561,1940,1006,9567,0.64,0.6996098351478577,1,1
7253424454162844955,438,67757,1316,649,21524,0.62,0.8279177331924439,1,1
7253386386185686298,864,276497,1461,1997,8500,0.52,0.6672462594509124,1,1
7253359787088334106,682,139809,1222,1430,13120,0.7,0.7942988216876984,1,1
7253040655046413595,1129,188938,2985,5927,28609,0.64,0.731205542087555,1,1
7252740832720178459,657,198074,911,1357,39574,0.4375,0.6725396228333315,1,0
7252710579805162778,856,243098,1951,1489,5363,0.6382978723404256,0.7072832140516727,1,1
7251946749336620314,2140,322017,15231,7503,17112,0.5918367346938775,0.9094618047986712,1,1
7251660983284911386,1057,261314,1929,3016,45649,0.7446808510638298,0.5803373912547497,1,1
7251625376575655195,1856,394769,5428,3530,17967,0.74,0.7062370717525482,1,1
7251308971783490843,1663,302136,3629,3826,34731,0.64,0.6389138460159302,1,1
7251272980209224987,1778,257762,3025,4871,35051,0.6,0.6593852233886719,1,1
7036770104973020422,11744,258290,30,2084,62562,0.46,0.3715063011646271,0,0
7040151716473425157,10454,304307,58,3794,94199,0.3877551020408163,0.4312607950093794,0,0
7257591101685533979,261,1760,0,28,9134,0.42,0.3989651894569397,0,0
7257544867599928602,1503,7948,3,548,58334,0.42,0.4419615960121155,0,0
7257219933241625882,328,2065,0,34,9900,0.4489795918367347,0.4284458318535162,0,0
7257189048140270875,345,2867,2,85,9034,0.48,0.4454638409614563,0,0
7256848916484771098,408,3790,3,62,8367,0.24,0.2187064623832702,0,0
7256818360640408858,1511,9857,3,725,35234,0.4,0.2076693058013916,0,0
7256446910951656730,1164,10968,5,399,8134,0.5,0.5066468000411988,1,1
7256075916051303707,537,4831,0,69,9900,0.4,0.4553320515155792,0,0
7256075775269473562,1526,13981,3,490,12634,0.42,0.4325308036804199,0,0
7255735590413503771,506,4161,0,64,7334,0.5306122448979592,0.5320424802449285,1,1
7255705175967452443,368,3926,0,110,31967,0.36,0.3393554091453552,0,0
7255320422080613658,1132,10101,3,268,10267,0.44,0.4449325478076935,0,0
7255303322767281434,2845,56612,8,4226,135334,0.62,0.5938696134090423,1,1
7254993418126888219,327,3512,0,44,9900,0.46,0.6035754895210266,1,0
7254947081033452826,2609,29306,6,3138,121600,0.54,0.5697976374626159,1,1
7254591480508042522,273,2618,0,38,9900,0.32,0.6911352360248566,1,0
7254251339960569115,991,9745,3,276,7934,0.44,0.4410144472122192,0,0
7254220497406266650,2744,17838,8,2553,67834,0.3958333333333333,0.533488447467486,1,0
7253849330585472282,2227,18181,6,1094,7967,0.44,0.4650527858734131,0,0
7253509134232866075,339,4141,0,59,9900,0.32,0.4491552078723907,0,0
7253478257515842842,5202,42616,17,3980,8500,0.3469387755102041,0.3078966298881842,0,0
7253138082537491738,397,5616,0,67,66634,0.4791666666666667,0.5604205926259359,1,0
7253107138833190171,159,2448,0,22,9900,0.3265306122448979,0.5457287856510707,1,0
7252720573522971910,372,3903,0,75,15267,0.3,0.448542206287384,0,0
7252395842915798277,1309,8106,2,316,7967,0.6938775510204082,0.6042857267418686,1,1
7252365104459648262,3779,20112,13,5290,7083,0.6,0.5059778320789338,1,1
7252349530849561861,549,6697,1,315,55567,0.5306122448979592,0.5272863276150762,1,1
7252024744550075654,295,3070,0,67,9900,0.4285714285714285,0.5614900771452456,1,0
7251993857989168390,240,2630,0,26,10634,0.3061224489795918,0.4808279908433252,0,0
7251653909553351963,471,4074,0,27,8500,0.5102040816326531,0.557817699957867,1,1
7251623043166915866,562,6912,2,486,37800,0.4489795918367347,0.5790371505581603,1,0
7251282623987797274,377,3848,0,40,9900,0.3541666666666667,0.3481717444956302,0,0
7251220785241607450,224,2320,0,9,30034,0.38,0.5126233685016632,1,0
7243870995138776347,764,887987,1573,3306,16017,0.4893617021276595,0.7997509456695394,1,0
7257575581535980827,438,17789,19,239,48334,0.56,0.7808600497245789,1,1
7255351927964241178,443,21593,330,509,71417,0.68,0.7729954540729522,1,1
7254973683767332123,710,158490,537,1820,9744,0.66,0.6752690649032593,1,1
7254248673641565467,290,22738,343,544,26600,0.54,0.692986730337143,1,1
7253497774707150106,1211,198212,266,2043,61867,0.5,0.7297161519527435,1,1
7253141610156870938,217,14440,211,224,14800,0.5833333333333334,0.8265292942523956,1,1
7252764739934129434,869,29136,271,468,53067,0.74,0.8827801096439362,1,1
7251649208405511451,296,17667,152,257,41800,0.5510204081632653,0.748281717300415,1,1
7250896567538830619,395,45715,390,864,20417,0.6285714285714286,0.7046476193836757,1,1
7250541946832178459,946,138976,314,1410,59334,0.72,0.7355866706371308,1,1
7250157660396424474,342,39698,314,645,47923,0.5306122448979592,0.6384376494251952,1,1
7249429419520036122,1437,72064,1289,4624,42709,0.66,0.7716179430484772,1,1
7248677135089519899,482,32555,347,311,4434,0.66,0.6865245461463928,1,1
7247935978428534043,483,41038,769,913,41534,0.72,0.7666385185718536,1,1
7247595445109689626,388,28423,319,1096,124880,0.7708333333333334,0.8196504501005014,1,1
7246836551248776475,4129,153263,499,10054,89326,0.6122448979591837,0.8234302875946979,1,1
7246452256348949786,216,19902,90,266,25100,0.56,0.5954210221767425,1,1
7246073576174947611,308,65776,232,452,31584,0.5918367346938775,0.723582537806764,1,1
7244589328104508698,499,36764,788,955,43750,0.76,0.7547423267364501,1,1
7244237277340224795,579,99038,539,729,12711,0.52,0.6637404847145081,1,1
7243476130584481050,540,104126,468,736,22560,0.4081632653061224,0.5242498894127048,1,0
7242731303068568859,519,57735,617,712,43861,0.6326530612244898,0.7733527154338603,1,1
7242022322259938587,671,31674,555,551,44024,0.5510204081632653,0.8232033909583578,1,1
7241620131737013531,1175,33469,251,557,89210,0.5510204081632653,0.7405184933117458,1,1
7241264807872154907,487,41220,547,541,26609,0.54,0.8435258615016937,1,1
7240910953955593498,462,24140,312,334,59094,0.6666666666666666,0.7823995078603426,1,1
7239763058573331738,1055,64766,354,1534,15000,0.26,0.5393532025814056,1,0
7231244583743556890,2534,108980,243,6835,87334,0.4791666666666667,0.6582543005545934,1,0
7214162068616908038,1296,122129,935,1364,26400,0.4693877551020408,0.5729525283891328,1,0
7213083356760771846,509,27933,242,318,68893,0.4666666666666667,0.8092420511775547,1,0
7212650462074457349,241,31270,180,431,16584,0.5777777777777777,0.7089174694485134,1,1
7215654778020433158,39,2972,30,35,58034,0.5384615384615384,0.2542870319806612,0,1
7074229998571326726,392,18566,417,180,40609,0.8421052631578947,0.7707954456931666,1,1
7257226846985604378,57,1624,56,14,15022,0.75,0.6327543333172798,1,1
7256092512543165723,98,5372,495,172,15000,0.8275862068965517,0.9147333297236212,1,1
7255708223267786011,60,2732,37,21,8767,0.6,0.6997781078020732,1,1
7254608571113999642,49,1153,51,14,40034,0.4,0.2252280294895172,0,0
7254607245344886042,49,1907,58,15,14488,0.5,0.6025200068950654,1,1
7254236732718206235,72,3011,155,38,15000,0.625,0.7178251991669337,1,1
7253497112225123611,63,5030,238,88,15000,0.7333333333333333,0.6955706795056661,1,1
7251999097954045211,34,1918,38,8,12200,0.75,0.7526883035898209,1,1
7251642076331379995,38,1762,46,12,14800,1.0,0.5060744881629944,1,1
7250519554663664922,53,2877,101,26,15046,0.6363636363636364,0.7183090014891191,1,1
7250156453745511707,64,5869,120,50,11800,0.6875,0.7143837921321392,1,1
7249403585165856026,94,5447,202,100,15000,0.6774193548387096,0.7020830492819509,1,1
7247919140944547098,53,2710,135,44,33034,0.75,0.6952512015899023,1,1
7247532790089010458,79,7409,211,86,12840,0.782608695652174,0.7698033866675004,1,1
7246828283990527259,56,3157,200,42,12050,0.5384615384615384,0.8036634005033053,1,1
7246082649532534043,55,3216,124,49,15000,0.7272727272727273,0.5305238257754933,1,1
7245330246377934107,105,9272,282,128,15000,0.7419354838709677,0.8446257210546925,1,1
7244576248805051674,82,3395,93,33,10007,0.8181818181818182,0.8358603309501301,1,1
7243465804140858651,86,6272,267,85,15000,0.7307692307692307,0.8136928035662725,1,1
7243117321617673499,132,7820,373,114,13211,0.813953488372093,0.818799358467723,1,1
7242349792645369114,103,4447,256,86,13067,0.6956521739130435,0.6993753728659257,1,1
7241988899130690842,133,11174,426,191,26516,0.6956521739130435,0.7752809382003286,1,1
7241981343356292379,42,3528,53,17,20588,0.8571428571428571,0.5348464591162545,1,1
7241233500337114395,82,25069,316,201,8219,0.7,0.7915219306945801,1,1
7240859453480783130,50,4123,80,36,15000,0.8333333333333334,0.6895199169715246,1,1
7240522728422346010,131,10068,298,100,33400,0.8076923076923077,0.7626878665043757,1,1
7240522326297595163,65,5518,192,63,15022,0.8333333333333334,0.7075057725111643,1,1
7239758230149156123,334,33698,1349,684,15234,0.8979591836734694,0.8570107683843496,1,1
7239384532955303194,188,13190,423,145,34634,0.8,0.7665201961994171,1,1
7239381264745188635,70,4577,260,59,14734,0.7083333333333334,0.7082238445679346,1,1
7252754864818654510,12557,241542,7218,5870,64434,0.68,0.857687052488327,1,1
7250879884418075950,14931,950053,6888,6072,8309,0.7346938775510204,0.8357240338714755,1,1
7250879391998168362,6766,543429,11601,5882,11121,0.6458333333333334,0.851317260414362,1,1
7250532701940419886,11961,1141788,7471,10077,34550,0.7142857142857143,0.8291592451990867,1,1
7249875123694472491,4964,182298,1578,1888,41322,0.7959183673469388,0.9338972763139376,1,1
7249418838914370862,9061,964604,15443,13376,5967,0.52,0.6452352344989777,1,1
7249383860360777003,5658,591611,6818,4815,15022,0.8,0.8479991865158081,1,1
7248820792895622442,4344,320851,665,1634,3482,0.44,0.6092462241649628,1,0
7248801656836623662,22338,1810582,1681,7124,9333,0.4,0.4799152410030365,0,0
7247707621476584747,14466,1536225,28927,20099,15022,0.6938775510204082,0.8580532609199991,1,1
7247123546416205098,4769,287647,3188,2801,73500,0.6938775510204082,0.8770701897387602,1,1
7246988044522474798,2750,508288,8828,4453,14186,0.8125,0.8692108492056528,1,1
7246987573464157483,1533,182381,1876,1060,7940,0.5102040816326531,0.6618746981328848,1,1
7246986744069885226,2161,261185,3402,1918,11005,0.673469387755102,0.8348632004796243,1,1
7246952154664193326,1495,214863,890,1355,138760,0.5833333333333334,0.8307968253890673,1,1
7245538413221530926,6228,486431,9139,5061,6733,0.6122448979591837,0.6825582883795913,1,1
7244026760545750318,11475,2153124,35317,18539,13606,0.6458333333333334,0.7445704527199268,1,1
7244019279299988779,7084,1033960,51423,23733,10053,0.6458333333333334,0.824086015423139,1,1
7244018923249650986,2413,574058,10365,5628,12200,0.6,0.6044720685482026,1,1
7242973486086409518,4312,455382,3208,2495,14790,0.56,0.6804530358314514,1,1
7242970135206645038,2870,677331,2957,5387,15022,0.52,0.5112175869941712,1,1
7242880186566397230,12084,1899741,7021,13260,10007,0.54,0.6702492594718933,1,1
7242785122108345642,9357,1684557,2475,12583,15022,0.46,0.7135758352279663,1,0
7242566835965562155,6750,627057,20001,9602,11911,0.36,0.7429676914215088,1,0
7242501715226840362,3755,762038,6784,4194,8034,0.48,0.7211605942249298,1,0
7242391623815122222,5597,1024998,6682,9350,15000,0.6458333333333334,0.7426984210809072,1,1
7242135996756708651,8666,1197672,5569,12964,4363,0.66,0.9277799057960512,1,1
7242133340957019435,4208,912069,4353,5258,8707,0.62,0.705506089925766,1,1
7241612148017745198,4129,258054,6204,3118,68684,0.64,0.8275569617748261,1,1
7240530428837252394,6237,418231,1545,2620,45034,0.52,0.5126804172992706,1,1
7240331704571940138,6690,438218,5741,3297,9984,0.68,0.8732252871990204,1,1
7237857324235377963,14555,957463,44564,20407,11888,0.7291666666666666,0.874495996783177,1,1
7237855194703252778,6908,389795,2588,3096,1671,0.4285714285714285,0.7010728595208149,1,0
7257564577204915498,1425,101610,101,434,6534,0.74,0.8050549328327179,1,1
7247567239207996715,4943,368980,1337,4026,12934,0.5714285714285714,0.6316022726954246,1,1
7247170060517707050,3751,99239,210,611,25089,0.6,0.6115787065029145,1,1
7244588266505375022,4994,574567,1424,7864,8080,0.52,0.9200001716613768,1,1
7243680414357851434,8287,809339,2194,9731,5300,0.42,0.5778591680526733,1,0
7243072474060016942,6042,634014,4282,4382,6800,0.68,0.8428216564655304,1,1
7238635441640000811,13111,1407003,7547,26722,13734,0.4680851063829787,0.6376744217060982,1,0
7237150667926752554,1634,259663,514,791,14379,0.3673469387755102,0.455307768315685,0,0
7236779655888538926,5823,1243968,4618,3726,11834,0.6530612244897959,0.8521499512146931,1,1
7234553161875426606,2386,268591,1953,1386,15900,0.6938775510204082,0.6729355308474326,1,1
7230845779705859370,4171,298078,1065,5384,5038,0.4583333333333333,0.434064536044995,0,0
7219761677313576238,18716,1292725,7967,14083,7847,0.6808510638297872,0.714452493698039,1,1
7217860066580499754,9334,872719,1553,2976,9844,0.4081632653061224,0.7032410113178954,1,0
7217489327079574826,4938,558690,2583,2882,65200,0.64,0.7260966444015503,1,1
7212291847513836842,3964,526679,7272,4485,6134,0.4444444444444444,0.602109142144521,1,0
7209692737522715946,2822,199119,2277,1476,9934,0.68,0.6964684510231018,1,1
7207161717913095470,6351,1581904,3019,3281,22453,0.7209302325581395,0.7449837368588115,1,1
7205259427727838510,5492,655767,3156,2291,17739,0.4680851063829787,0.7407279331633385,1,0
7199688657119300907,6781,801729,6517,5591,5867,0.5853658536585366,0.4962937512048861,0,1
7198949091681013038,2425,469374,7038,2763,9287,0.5714285714285714,0.6326191218531861,1,1
7198218012602830126,19825,827582,4579,2714,8634,0.86,0.8078376471996307,1,1
7195964071286607146,2368,215895,1558,1125,20293,0.6326530612244898,0.7446927282274985,1,1
7192087508170149163,9803,1395265,10103,11074,10982,0.5625,0.7085651320715746,1,1
7191527277124160814,19860,2634636,15004,10204,7406,0.5957446808510638,0.9052081260275332,1,1
7189298302129638698,4514,543825,6727,3735,10734,0.5306122448979592,0.6419523261031326,1,1
7187813895040453930,11995,2185808,14933,7640,16207,0.68,0.7038898241519927,1,1
7186346217268432174,4216,467284,1508,1801,7900,0.6,0.5889727640151977,1,1
7186336282006834478,2024,197251,741,891,7400,0.673469387755102,0.7160437192235675,1,1
7184501756729232686,8295,1208254,10025,16764,7940,0.7209302325581395,0.6989153970119565,1,1
7256046227077352746,433,12873,34,127,25053,0.6,0.7827166032791137,1,1
7255082432049745194,11486,1291053,19687,20107,16234,0.3469387755102041,0.4289905063960017,0,0
7250890233409998122,1605,109893,1564,835,65834,0.72,0.8623346769809723,1,1
7246097173698432302,13974,2110090,38160,11050,15022,0.92,0.9746447002887726,1,1
7245711277056675118,5214,318534,12791,4503,76011,0.66,0.8399438488483429,1,1
7244237689405345067,288,21397,148,117,53505,0.5102040816326531,0.7181181141308376,1,1
7226446157776424234,1457,45297,245,412,26307,0.4081632653061224,0.6727186404928869,1,0
7225616610424393003,839,64046,446,427,36704,0.7,0.8474802267551422,1,1
7224945156812721450,2634,218339,5708,2086,49086,0.62,0.8122633230686188,1,1
7223530839202745646,507,129940,404,775,87546,0.5510204081632653,0.7429056325737311,1,1
7223125829859937578,8872,1899391,5931,41647,34109,0.72,0.773172196149826,1,1
7220158822864686378,1800,271969,800,854,6477,0.5416666666666666,0.7163990139961243,1,1
7218272719073234222,3331,305685,4879,22033,20620,0.35,0.4171555370092392,0,0
7214544085573569838,1468,188433,604,6406,19782,0.5102040816326531,0.6940230191970358,1,1
7212470206218849582,4667,1234094,4075,17255,17167,0.4523809523809524,0.5260980909778958,1,0
7212432183221308714,544,49589,188,225,18667,0.5918367346938775,0.6667277545345073,1,1
7208621428294438187,4205,148861,1310,4393,74280,0.625,0.8918890332182249,1,1
7202406586424298795,9567,251613,1680,21712,40300,0.36,0.5734800243377686,1,0
7199358034525556011,1139,75512,327,692,10448,0.56,0.7009617638587952,1,1
7197916600270523694,17099,2883864,30095,214185,19567,0.3877551020408163,0.5581458940797922,1,0
7187498878931914027,1219,68191,184,440,9148,0.3333333333333333,0.6263522853453954,1,0
7183027161987583278,991,39771,391,457,23358,0.875,0.9589270142217478,1,1
7180789353969487147,10401,616004,4603,53942,30417,0.5217391304347826,0.6711297501688418,1,1
7180129644803263787,1389,232772,587,1720,91175,0.6956521739130435,0.866958156875942,1,1
7177454624310365486,2883,1166794,7293,8638,66767,0.5434782608695652,0.7932683035083439,1,1
7176788499901910318,2858,1107964,7600,3607,21269,0.6,0.7126810815599229,1,1
7174827362037599530,4186,110100,1462,9077,67569,0.5714285714285714,0.6751236733125181,1,1
7173324242338073898,12426,2233013,14686,28491,29258,0.6666666666666666,0.6293982042206658,1,1
7172355542864792878,2371,491466,39565,10338,14349,0.6530612244897959,0.7528076415159264,1,1
7170403281628581166,1458,264526,419,872,22667,0.6153846153846154,0.7471295564602582,1,1
7168198150447009070,33464,2311416,16112,45665,26646,0.5319148936170213,0.6741489336845723,1,1
7167394312773307690,1351,109444,275,179,29535,0.5714285714285714,0.7722868692307245,1,1
7168859255779560750,18668,9139192,209607,44561,8358,0.6170212765957447,0.7150234402494228,1,1
6974037602315848966,58801,18753260,318149,102508,14115,0.5918367346938775,0.6729228533044154,1,1
7256826327678962986,690,89416,355,415,19690,0.54,0.8404262673854828,1,1
7255683841828867370,2083,553252,2697,2387,18310,0.38,0.3329641497135162,0,0
7253459540002426158,2049,443059,2579,1358,10845,0.6666666666666666,0.7242246692379316,1,1
7252447315934383406,1499,326445,1751,1677,15789,0.66,0.6021412646770478,1,1
7250224079934868779,75236,4143178,90490,196227,12380,0.4285714285714285,0.3269458826707334,0,0
7249451168999623982,65684,5326168,35899,543038,7174,0.38,0.4176008284091949,0,0
7247519176984661294,2113,587584,2382,2942,18886,0.5714285714285714,0.7959376610055262,1,1
7246923326772350251,2222,2255455,10109,6211,12700,0.625,0.6765661699076494,1,1
7244971130509888810,3303,1919550,22075,12976,13095,0.6,0.8781984341144562,1,1
7243079712178834731,2685,529115,4430,4111,16854,0.5918367346938775,0.8908187029313068,1,1
7242307016453082410,1743,577592,1726,1626,12722,0.58,0.6495013582706451,1,1
7240120050647092526,9663,4514517,41302,24529,16485,0.54,0.4215665757656097,0,1
7238982811934313771,3747,586409,6795,3524,19770,0.44,0.5598858022689819,1,0
7237570622094658862,19137,7476237,36536,55014,25030,0.52,0.5602103626728058,1,1
7236387946406874414,885,748888,4219,1610,11029,0.54,0.6684304261207581,1,1
7234163777430687022,3782,676160,2707,4470,23173,0.4285714285714285,0.4141487211597209,0,0
7233046161706241322,2347,753657,4540,3121,16903,0.56,0.6720135986804963,1,1
7230801411171306794,14977,3527543,22764,47297,14256,0.6875,0.5673041219512621,1,1
7228980937189559598,3821,2750942,10059,8238,29999,0.44,0.5377056920528411,1,0
7228276475680640299,4625,2405689,13125,9261,15766,0.62,0.6902419483661651,1,1
7227146522977111338,2145,325321,2290,1505,34713,0.4693877551020408,0.720594410993615,1,0
7226754712283041070,19073,7237679,40399,99738,19829,0.7,0.7199328994750976,1,1
7223843384174136618,4896,936514,6076,5260,17000,0.3061224489795918,0.3160795082851332,0,0
7221922451012324650,24666,12525487,93976,149978,15975,0.52,0.6289134120941162,1,1
7219102627735342382,3234,1154276,5613,6417,25693,0.5102040816326531,0.597827612137308,1,1
7218568693398162734,3945,1502901,8803,6626,16475,0.7346938775510204,0.6020814472315262,1,1
7215632110630047018,4205,1592687,20740,6568,15278,0.52,0.7944817018508911,1,1
7213761915842202926,29477,9643855,57521,183003,18352,0.36,0.4262498295307159,0,0
7211895879031098667,2711,993906,6434,3386,18900,0.25,0.5446880695720514,1,0
7210172120469441838,3281,2519097,4445,5287,27945,0.3673469387755102,0.3880417857851301,0,0
7257273804513152299,780,210192,441,11825,60567,0.5238095238095238,0.6228063092345283,1,1
7255463631679130922,1602,160404,267,31694,5107,0.82,0.8346821820735931,1,1
7253164573749071150,658,201642,206,40680,42467,0.4489795918367347,0.5863662787846157,1,0
7252383358477536555,1194,235913,7262,14555,7334,0.4,0.491924546957016,0,0
7252024852524174634,2171,2383078,1535,33679,40334,0.5833333333333334,0.6651326281328996,1,1
7250933030615911722,3245,426241,1190,14242,38900,0.34,0.44461097240448,0,0
7249372623165984043,583,214313,242,11809,49167,0.7959183673469388,0.9141208480815498,1,1
7246229097217609002,1028,260919,235,10340,46137,0.8421052631578947,0.8677214133112054,1,1
7245388982467677486,755,159470,67,10416,29001,0.72,0.882244998216629,1,1
7244957547420077354,842,195064,157,10372,47034,0.86,0.8595359230041504,1,1
7243114033279372590,1022,284354,1116,10803,35267,0.7142857142857143,0.8810643614554892,1,1
7241990079441358122,3253,1491499,4968,17815,70867,0.5,0.4943832957744598,0,1
7240391691105062190,2947,535650,2713,4314,44467,0.38,0.4520533013343811,0,0
7239857655781608747,3031,619331,2194,7806,59477,0.4705882352941176,0.4321537964484271,0,0
7237906470321360170,575,147553,589,435,29976,0.5918367346938775,0.7601553165182775,1,1
7237238437294738731,3662,373975,233,1657,30046,0.3673469387755102,0.4113562982909533,0,0
7234197847149727018,1783,243923,287,915,50735,0.6,0.6005800831317901,1,1
7233840043469622570,380,118723,254,234,45867,0.5714285714285714,0.6848771024723442,1,1
7230148933358538027,1101,204462,11137,1238,10285,0.5,0.596011061668396,1,1
7245417038578191662,1835,263175,800,1849,17366,0.1836734693877551,0.8626529160810976,1,0
7237596990064823594,595,55322,194,261,39218,0.24,0.7951079154014588,1,0
7235751142892981550,465,75166,258,313,24800,0.18,0.8802314758300781,1,0
7223898077189377326,6217,709913,2226,9330,43515,0.24,0.7318623518943786,1,0
7209842752962530602,2069,296978,2685,1854,22315,0.38,0.7668059098720551,1,0
7207984268969086251,1279,191434,486,622,11748,0.3125,0.5645567663013935,1,0
7207958834923572522,386,82718,191,245,29822,0.4418604651162791,0.5259200417718222,1,0
7197941247292525866,291,31275,73,160,42567,0.6595744680851063,0.6617961437144178,1,1
7166782480530378030,5870,1590192,5530,4780,12300,0.1914893617021276,0.3669759149247028,0,0
7161596617399749931,851,499700,1837,741,19318,0.65,0.6267866656184197,1,1
7160455061695450410,2301,677117,13695,3720,16276,0.5869565217391305,0.7590505234573198,1,1
7154513262799752490,229,62335,294,119,20478,0.6595744680851063,0.8097325652203662,1,1
7150734267197295915,391,108651,384,310,9216,0.4565217391304347,0.6498716136683589,1,0
7142643330214563114,509,133467,333,189,5896,0.4772727272727273,0.7134380625052885,1,0
7136224601209654570,692,95222,450,320,20535,0.5,0.7325644289905374,1,1
7136220909853216046,3454,927091,352,413,11004,0.25,0.3085139108200868,0,0
7133659877301308718,573,95159,700,378,32012,0.5777777777777777,0.6510414481163025,1,1
7130738078523608366,2101,454299,1253,543,8916,0.46,0.6985175216197967,1,0
7128204071537921326,5239,1688915,8735,3707,22405,0.4489795918367347,0.6101467135001202,1,0
7128174322069310766,1048,167236,504,1010,64566,0.6046511627906976,0.6861451074134471,1,1
7122550050147863851,353,69782,197,167,19191,0.4210526315789473,0.5414804831931466,1,0
7121064830223600939,565,367520,467,405,8659,0.4883720930232558,0.7083652407624,1,0
7112572783623785770,5299,772454,501,1069,9262,0.4666666666666667,0.5799758050176832,1,0
